Ticket_ID,Trip_ID,Boarding_Time,Boarding_Stop_Name,Alighting_Stop_Name,Fare,Is_Concession,Current_Load
500000,R5A_0092,14-11-2025 05:57,Koramangala,Whitefield,44,FALSE,22
500001,R7C_0036,13-11-2025 17:15,Koramangala,Marathahalli,18,FALSE,22
500002,R5A_0071,14-11-2025 01:13,Marathahalli,Shivaji_Nagar,42,FALSE,42
500003,R7C_0093,14-11-2025 06:54,Silk_Board,Koramangala,31,FALSE,58
500004,R7C_0015,13-11-2025 11:22,Shivaji_Nagar,MG_Road,33,FALSE,38
500005,R5A_0004,13-11-2025 08:09,Marathahalli,Koramangala,33,TRUE,71
500006,R12B_0090,14-11-2025 06:03,Silk_Board,Koramangala,43,FALSE,25
500007,R12B_0048,13-11-2025 19:30,Koramangala,Silk_Board,48,TRUE,21
500008,R5A_0035,13-11-2025 16:54,Koramangala,Shivaji_Nagar,40,TRUE,23
500009,R12B_0084,14-11-2025 04:44,Silk_Board,Whitefield,28,FALSE,4
500010,R5A_0026,13-11-2025 14:20,Silk_Board,Koramangala,16,FALSE,13
500011,R5A_0021,13-11-2025 13:24,Koramangala,Silk_Board,50,TRUE,43
500012,R5A_0021,13-11-2025 12:21,Marathahalli,Silk_Board,19,FALSE,29
500013,R7C_0002,13-11-2025 07:30,Silk_Board,Marathahalli,43,FALSE,9
500014,R7C_0054,13-11-2025 20:41,Koramangala,MG_Road,47,FALSE,21
500015,R7C_0017,13-11-2025 12:10,Silk_Board,Koramangala,36,FALSE,36
500016,R12B_0020,13-11-2025 13:00,Marathahalli,Silk_Board,34,TRUE,19
500017,R7C_0100,14-11-2025 08:53,MG_Road,Marathahalli,14,FALSE,55
500018,R5A_0009,13-11-2025 09:15,Silk_Board,Whitefield,29,FALSE,68
500019,R5A_0092,14-11-2025 06:19,Koramangala,Silk_Board,31,FALSE,60
500020,R5A_0030,13-11-2025 15:37,Silk_Board,Shivaji_Nagar,43,FALSE,11
500021,R12B_0042,13-11-2025 18:37,Koramangala,Silk_Board,14,FALSE,32
500022,R5A_0038,13-11-2025 16:39,Silk_Board,Whitefield,39,FALSE,19
500023,R12B_0085,14-11-2025 05:28,Marathahalli,Whitefield,22,FALSE,31
500024,R12B_0053,13-11-2025 20:12,Silk_Board,Koramangala,18,FALSE,42
500025,R7C_0036,13-11-2025 17:04,Silk_Board,Marathahalli,25,TRUE,30
500026,R5A_0035,13-11-2025 15:48,Silk_Board,Koramangala,16,FALSE,51
500027,R7C_0036,13-11-2025 16:25,Silk_Board,Whitefield,38,TRUE,37
500028,R12B_0084,14-11-2025 04:46,MG_Road,Marathahalli,16,TRUE,33
500029,R5A_0089,14-11-2025 05:42,MG_Road,Marathahalli,49,FALSE,45
500030,R12B_0018,13-11-2025 12:03,Marathahalli,Shivaji_Nagar,49,FALSE,30
500031,R7C_0036,13-11-2025 16:23,Marathahalli,Koramangala,17,FALSE,17
500032,R5A_0064,14-11-2025 00:14,MG_Road,Silk_Board,32,FALSE,46
500033,R5A_0035,13-11-2025 15:49,Marathahalli,Koramangala,10,FALSE,17
500034,R7C_0015,13-11-2025 11:56,Silk_Board,Marathahalli,50,FALSE,58
500035,R7C_0016,13-11-2025 10:56,Marathahalli,Koramangala,20,TRUE,20
500036,R7C_0017,13-11-2025 11:44,Koramangala,Silk_Board,19,FALSE,9
500037,R5A_0049,13-11-2025 19:44,Koramangala,Whitefield,47,FALSE,18
500038,R5A_0021,13-11-2025 12:53,Koramangala,Marathahalli,39,FALSE,12
500039,R5A_0059,13-11-2025 22:46,Koramangala,Silk_Board,16,TRUE,18
500040,R5A_0073,14-11-2025 01:36,Koramangala,Shivaji_Nagar,21,FALSE,56
500041,R12B_0079,14-11-2025 02:58,Marathahalli,Koramangala,14,FALSE,7
500042,R12B_0037,13-11-2025 16:22,Marathahalli,Koramangala,28,TRUE,49
500043,R7C_0028,13-11-2025 14:56,Marathahalli,Shivaji_Nagar,27,TRUE,25
500044,R7C_0010,13-11-2025 10:32,Koramangala,Silk_Board,20,FALSE,47
500045,R12B_0096,14-11-2025 08:04,Koramangala,MG_Road,31,FALSE,38
500046,R7C_0008,13-11-2025 09:38,MG_Road,Marathahalli,16,FALSE,13
500047,R5A_0066,14-11-2025 00:03,Marathahalli,Whitefield,49,FALSE,7
500048,R5A_0092,14-11-2025 07:02,Shivaji_Nagar,MG_Road,14,FALSE,59
500049,R5A_0049,13-11-2025 19:52,Koramangala,Marathahalli,22,FALSE,52
500050,R5A_0030,13-11-2025 15:00,Koramangala,Silk_Board,15,FALSE,53
500051,R7C_0028,13-11-2025 15:00,Silk_Board,Marathahalli,14,FALSE,35
500052,R5A_0058,13-11-2025 22:42,MG_Road,Silk_Board,40,FALSE,46
500053,R7C_0054,13-11-2025 21:00,Koramangala,Silk_Board,40,FALSE,36
500054,R5A_0001,13-11-2025 07:48,Silk_Board,Marathahalli,40,TRUE,64
500055,R7C_0060,13-11-2025 22:06,Silk_Board,Koramangala,21,FALSE,7
500056,R5A_0049,13-11-2025 19:20,Silk_Board,MG_Road,14,FALSE,36
500057,R7C_0054,13-11-2025 20:33,Shivaji_Nagar,Marathahalli,44,FALSE,47
500058,R7C_0016,13-11-2025 10:54,Koramangala,MG_Road,40,FALSE,4
500059,R12B_0050,13-11-2025 19:46,Silk_Board,MG_Road,14,TRUE,6
500060,R12B_0037,13-11-2025 16:20,Shivaji_Nagar,Silk_Board,35,TRUE,54
500061,R5A_0092,14-11-2025 07:07,Silk_Board,MG_Road,48,FALSE,75
500062,R7C_0011,13-11-2025 10:24,Shivaji_Nagar,Whitefield,30,FALSE,35
500063,R7C_0065,13-11-2025 23:41,Silk_Board,Marathahalli,34,FALSE,53
500064,R5A_0026,13-11-2025 14:17,Shivaji_Nagar,MG_Road,26,FALSE,29
500065,R5A_0063,13-11-2025 23:01,Silk_Board,MG_Road,40,FALSE,13
500066,R12B_0018,13-11-2025 12:10,Silk_Board,Marathahalli,24,FALSE,5
500067,R7C_0068,13-11-2025 23:54,Silk_Board,Koramangala,22,TRUE,60
500068,R5A_0021,13-11-2025 12:15,Shivaji_Nagar,Koramangala,48,TRUE,42
500069,R7C_0054,13-11-2025 21:30,Silk_Board,Whitefield,41,FALSE,51
500070,R12B_0033,13-11-2025 15:12,Silk_Board,Marathahalli,50,FALSE,15
500071,R7C_0010,13-11-2025 10:19,Shivaji_Nagar,Whitefield,12,FALSE,54
500072,R12B_0020,13-11-2025 12:50,Silk_Board,Koramangala,33,FALSE,12
500073,R5A_0030,13-11-2025 15:23,Marathahalli,MG_Road,32,FALSE,53
500074,R7C_0067,14-11-2025 00:14,Koramangala,Whitefield,38,FALSE,49
500075,R7C_0015,13-11-2025 10:39,Koramangala,Whitefield,31,FALSE,22
500076,R5A_0035,13-11-2025 16:59,Marathahalli,MG_Road,14,FALSE,40
500077,R7C_0015,13-11-2025 11:56,Shivaji_Nagar,Silk_Board,28,FALSE,49
500078,R7C_0031,13-11-2025 14:41,Koramangala,Whitefield,26,TRUE,22
500079,R7C_0015,13-11-2025 11:30,MG_Road,Shivaji_Nagar,35,FALSE,14
500080,R7C_0036,13-11-2025 17:00,Marathahalli,Shivaji_Nagar,22,FALSE,45
500081,R12B_0033,13-11-2025 15:45,Koramangala,Marathahalli,23,TRUE,3
500082,R5A_0058,13-11-2025 21:52,MG_Road,Marathahalli,42,FALSE,47
500083,R5A_0089,14-11-2025 05:09,Marathahalli,Shivaji_Nagar,21,FALSE,17
500084,R12B_0079,14-11-2025 03:50,Koramangala,Whitefield,47,FALSE,30
500085,R5A_0092,14-11-2025 06:44,Shivaji_Nagar,Whitefield,14,FALSE,40
500086,R7C_0076,14-11-2025 02:45,Marathahalli,Silk_Board,25,FALSE,26
500087,R12B_0053,13-11-2025 20:15,Shivaji_Nagar,Whitefield,13,FALSE,31
500088,R5A_0047,13-11-2025 19:41,Koramangala,Whitefield,15,FALSE,28
500089,R7C_0072,14-11-2025 01:50,Koramangala,MG_Road,24,FALSE,27
500090,R7C_0080,14-11-2025 02:55,MG_Road,Silk_Board,28,TRUE,52
500091,R5A_0089,14-11-2025 05:56,Koramangala,Silk_Board,21,FALSE,21
500092,R12B_0042,13-11-2025 18:32,MG_Road,Koramangala,38,TRUE,49
500093,R7C_0027,13-11-2025 14:37,MG_Road,Silk_Board,32,TRUE,5
500094,R7C_0011,13-11-2025 10:56,MG_Road,Silk_Board,49,FALSE,36
500095,R12B_0037,13-11-2025 17:20,MG_Road,Whitefield,12,FALSE,21
500096,R5A_0001,13-11-2025 07:30,Koramangala,Shivaji_Nagar,16,TRUE,53
500097,R7C_0002,13-11-2025 08:44,Silk_Board,Shivaji_Nagar,20,FALSE,3
500098,R7C_0060,13-11-2025 23:12,Marathahalli,Koramangala,26,TRUE,36
500099,R5A_0023,13-11-2025 13:09,Koramangala,Silk_Board,16,FALSE,27
500100,R12B_0053,13-11-2025 20:58,MG_Road,Shivaji_Nagar,29,TRUE,2
500101,R7C_0002,13-11-2025 08:23,MG_Road,Koramangala,41,FALSE,52
500102,R5A_0064,13-11-2025 22:50,Koramangala,Whitefield,39,FALSE,16
500103,R7C_0080,14-11-2025 03:27,Shivaji_Nagar,MG_Road,37,TRUE,20
500104,R5A_0087,14-11-2025 04:37,MG_Road,Koramangala,26,FALSE,56
500105,R7C_0011,13-11-2025 10:20,Silk_Board,Shivaji_Nagar,34,FALSE,58
500106,R5A_0066,14-11-2025 00:23,Koramangala,Marathahalli,33,FALSE,8
500107,R7C_0006,13-11-2025 08:51,Shivaji_Nagar,Whitefield,11,FALSE,58
500108,R12B_0096,14-11-2025 07:56,Koramangala,Marathahalli,32,TRUE,51
500109,R12B_0013,13-11-2025 10:36,MG_Road,Koramangala,39,FALSE,35
500110,R12B_0085,14-11-2025 04:35,MG_Road,Marathahalli,47,TRUE,15
500111,R5A_0023,13-11-2025 13:25,Shivaji_Nagar,Whitefield,22,FALSE,56
500112,R5A_0059,13-11-2025 21:53,Marathahalli,MG_Road,35,TRUE,60
500113,R7C_0017,13-11-2025 12:17,Koramangala,Silk_Board,20,FALSE,42
500114,R7C_0015,13-11-2025 11:42,Marathahalli,Silk_Board,14,FALSE,51
500115,R7C_0055,13-11-2025 21:32,Koramangala,MG_Road,24,TRUE,2
500116,R7C_0068,14-11-2025 00:34,MG_Road,Whitefield,16,TRUE,3
500117,R12B_0013,13-11-2025 10:06,Marathahalli,Whitefield,38,FALSE,38
500118,R5A_0052,13-11-2025 20:01,Shivaji_Nagar,Whitefield,16,FALSE,33
500119,R7C_0031,13-11-2025 14:48,Silk_Board,Whitefield,39,FALSE,38
500120,R5A_0032,13-11-2025 16:02,MG_Road,Whitefield,47,TRUE,31
500121,R12B_0018,13-11-2025 12:00,Silk_Board,Shivaji_Nagar,10,FALSE,27
500122,R7C_0080,14-11-2025 03:02,Shivaji_Nagar,MG_Road,38,FALSE,53
500123,R12B_0040,13-11-2025 17:22,Marathahalli,Koramangala,19,FALSE,23
500124,R5A_0009,13-11-2025 09:24,Koramangala,Silk_Board,30,TRUE,53
500125,R7C_0054,13-11-2025 21:22,Shivaji_Nagar,Marathahalli,33,FALSE,25
500126,R5A_0021,13-11-2025 12:37,Shivaji_Nagar,Marathahalli,17,FALSE,10
500127,R5A_0063,13-11-2025 23:30,Silk_Board,MG_Road,48,TRUE,3
500128,R12B_0053,13-11-2025 20:18,Silk_Board,MG_Road,43,FALSE,4
500129,R7C_0067,14-11-2025 00:21,Marathahalli,Whitefield,26,FALSE,20
500130,R5A_0021,13-11-2025 13:27,MG_Road,Whitefield,21,FALSE,59
500131,R12B_0037,13-11-2025 16:51,Marathahalli,MG_Road,47,TRUE,58
500132,R7C_0100,14-11-2025 08:44,Marathahalli,MG_Road,19,FALSE,1
500133,R7C_0068,14-11-2025 00:16,Marathahalli,Shivaji_Nagar,15,TRUE,41
500134,R7C_0080,14-11-2025 03:54,Marathahalli,MG_Road,50,FALSE,51
500135,R7C_0008,13-11-2025 09:36,Marathahalli,Silk_Board,21,FALSE,27
500136,R7C_0002,13-11-2025 07:35,Silk_Board,Marathahalli,24,FALSE,6
500137,R7C_0022,13-11-2025 13:12,MG_Road,Silk_Board,24,TRUE,54
500138,R5A_0021,13-11-2025 12:36,Shivaji_Nagar,MG_Road,36,FALSE,41
500139,R5A_0059,13-11-2025 22:01,MG_Road,Whitefield,22,TRUE,10
500140,R7C_0031,13-11-2025 14:37,Silk_Board,Koramangala,15,FALSE,42
500141,R7C_0100,14-11-2025 09:01,Silk_Board,Koramangala,16,FALSE,11
500142,R5A_0066,14-11-2025 00:16,Silk_Board,Shivaji_Nagar,36,FALSE,2
500143,R5A_0089,14-11-2025 06:01,Shivaji_Nagar,Marathahalli,35,FALSE,33
500144,R12B_0090,14-11-2025 05:58,Silk_Board,Marathahalli,44,FALSE,48
500145,R5A_0038,13-11-2025 16:22,Marathahalli,Silk_Board,48,FALSE,47
500146,R5A_0021,13-11-2025 13:29,Shivaji_Nagar,MG_Road,43,FALSE,17
500147,R5A_0035,13-11-2025 15:37,Koramangala,Shivaji_Nagar,34,TRUE,36
500148,R5A_0038,13-11-2025 16:40,Marathahalli,Silk_Board,25,FALSE,53
500149,R5A_0092,14-11-2025 06:24,Shivaji_Nagar,Koramangala,17,FALSE,12
500150,R12B_0079,14-11-2025 03:26,Marathahalli,Shivaji_Nagar,18,FALSE,25
500151,R7C_0095,14-11-2025 07:18,Shivaji_Nagar,Whitefield,36,FALSE,14
500152,R5A_0052,13-11-2025 20:38,Shivaji_Nagar,MG_Road,47,FALSE,34
500153,R7C_0067,14-11-2025 00:14,Koramangala,MG_Road,14,FALSE,15
500154,R12B_0037,13-11-2025 17:03,Marathahalli,Silk_Board,15,TRUE,3
500155,R5A_0023,13-11-2025 13:35,Silk_Board,Whitefield,14,TRUE,41
500156,R5A_0075,14-11-2025 02:58,MG_Road,Shivaji_Nagar,33,FALSE,54
500157,R7C_0100,14-11-2025 08:34,Marathahalli,MG_Road,35,FALSE,50
500158,R5A_0071,14-11-2025 00:39,Marathahalli,Shivaji_Nagar,48,FALSE,26
500159,R7C_0054,13-11-2025 21:29,Silk_Board,MG_Road,26,FALSE,2
500160,R7C_0008,13-11-2025 08:50,Silk_Board,MG_Road,25,FALSE,19
500161,R7C_0072,14-11-2025 01:05,Marathahalli,Koramangala,39,FALSE,20
500162,R5A_0087,14-11-2025 04:40,Shivaji_Nagar,Koramangala,19,FALSE,41
500163,R12B_0042,13-11-2025 18:17,Shivaji_Nagar,Whitefield,10,TRUE,22
500164,R5A_0089,14-11-2025 05:45,Koramangala,Marathahalli,14,FALSE,20
500165,R7C_0093,14-11-2025 06:47,MG_Road,Silk_Board,35,FALSE,13
500166,R5A_0058,13-11-2025 22:23,MG_Road,Koramangala,41,FALSE,28
500167,R5A_0087,14-11-2025 05:14,Shivaji_Nagar,Marathahalli,37,FALSE,2
500168,R5A_0052,13-11-2025 19:53,Koramangala,MG_Road,33,TRUE,41
500169,R7C_0060,13-11-2025 23:00,Silk_Board,Koramangala,38,FALSE,27
500170,R5A_0021,13-11-2025 12:15,Koramangala,Marathahalli,23,FALSE,31
500171,R7C_0015,13-11-2025 11:43,Silk_Board,Whitefield,21,FALSE,22
500172,R5A_0001,13-11-2025 07:49,MG_Road,Whitefield,42,TRUE,58
500173,R7C_0088,14-11-2025 05:14,Marathahalli,Koramangala,49,FALSE,55
500174,R5A_0071,14-11-2025 00:35,Shivaji_Nagar,MG_Road,32,TRUE,8
500175,R7C_0016,13-11-2025 12:06,Koramangala,Silk_Board,33,FALSE,12
500176,R7C_0093,14-11-2025 06:33,Silk_Board,Shivaji_Nagar,30,FALSE,44
500177,R12B_0096,14-11-2025 07:21,Koramangala,MG_Road,38,FALSE,55
500178,R5A_0058,13-11-2025 21:30,Koramangala,MG_Road,39,FALSE,6
500179,R7C_0006,13-11-2025 09:05,Koramangala,Whitefield,18,FALSE,5
500180,R7C_0010,13-11-2025 10:03,Silk_Board,Shivaji_Nagar,17,FALSE,30
500181,R7C_0010,13-11-2025 10:40,Koramangala,Shivaji_Nagar,34,FALSE,60
500182,R7C_0010,13-11-2025 10:38,Koramangala,Whitefield,38,FALSE,19
500183,R7C_0027,13-11-2025 14:18,Marathahalli,Shivaji_Nagar,45,TRUE,34
500184,R7C_0031,13-11-2025 15:38,Shivaji_Nagar,MG_Road,18,TRUE,44
500185,R12B_0053,13-11-2025 20:56,MG_Road,Koramangala,36,FALSE,37
500186,R7C_0002,13-11-2025 08:37,Marathahalli,MG_Road,31,FALSE,5
500187,R5A_0049,13-11-2025 19:55,Marathahalli,Whitefield,35,FALSE,25
500188,R7C_0088,14-11-2025 05:17,Marathahalli,Koramangala,46,TRUE,52
500189,R5A_0021,13-11-2025 12:18,Shivaji_Nagar,MG_Road,18,FALSE,36
500190,R5A_0075,14-11-2025 01:58,Marathahalli,Silk_Board,23,FALSE,53
500191,R7C_0060,13-11-2025 23:03,Koramangala,Whitefield,37,FALSE,49
500192,R12B_0040,13-11-2025 17:28,Marathahalli,Shivaji_Nagar,25,TRUE,10
500193,R7C_0028,13-11-2025 14:32,Marathahalli,Koramangala,34,TRUE,5
500194,R7C_0044,13-11-2025 18:04,Shivaji_Nagar,Silk_Board,19,FALSE,58
500195,R7C_0061,13-11-2025 22:42,Silk_Board,Marathahalli,31,TRUE,45
500196,R5A_0075,14-11-2025 02:21,MG_Road,Whitefield,49,FALSE,49
500197,R5A_0021,13-11-2025 12:14,Koramangala,Silk_Board,23,FALSE,44
500198,R12B_0053,13-11-2025 20:39,Marathahalli,MG_Road,13,FALSE,40
500199,R7C_0016,13-11-2025 12:10,Silk_Board,MG_Road,13,FALSE,43
500200,R7C_0016,13-11-2025 11:08,Koramangala,Silk_Board,39,TRUE,33
500201,R7C_0022,13-11-2025 13:32,Silk_Board,Marathahalli,34,FALSE,52
500202,R7C_0060,13-11-2025 22:01,Silk_Board,Marathahalli,19,FALSE,60
500203,R7C_0028,13-11-2025 15:13,Silk_Board,Shivaji_Nagar,31,FALSE,47
500204,R5A_0038,13-11-2025 16:58,Koramangala,MG_Road,43,FALSE,57
500205,R12B_0084,14-11-2025 04:03,Marathahalli,Shivaji_Nagar,49,FALSE,30
500206,R7C_0095,14-11-2025 06:52,Koramangala,Whitefield,44,FALSE,27
500207,R12B_0079,14-11-2025 03:31,Silk_Board,Whitefield,18,FALSE,54
500208,R7C_0088,14-11-2025 05:30,Silk_Board,Shivaji_Nagar,43,FALSE,4
500209,R7C_0011,13-11-2025 10:24,Marathahalli,Koramangala,23,FALSE,49
500210,R7C_0067,14-11-2025 00:23,MG_Road,Shivaji_Nagar,34,FALSE,22
500211,R12B_0050,13-11-2025 20:18,MG_Road,Marathahalli,20,FALSE,48
500212,R7C_0022,13-11-2025 12:39,MG_Road,Shivaji_Nagar,11,FALSE,44
500213,R5A_0043,13-11-2025 18:35,MG_Road,Silk_Board,36,FALSE,69
500214,R7C_0011,13-11-2025 10:29,Marathahalli,Silk_Board,30,FALSE,40
500215,R7C_0093,14-11-2025 07:00,MG_Road,Shivaji_Nagar,24,FALSE,8
500216,R7C_0015,13-11-2025 10:38,MG_Road,Marathahalli,30,FALSE,21
500217,R7C_0080,14-11-2025 04:15,Silk_Board,Koramangala,12,FALSE,53
500218,R5A_0049,13-11-2025 20:13,MG_Road,Whitefield,30,TRUE,33
500219,R5A_0059,13-11-2025 22:24,Koramangala,Shivaji_Nagar,48,FALSE,33
500220,R7C_0088,14-11-2025 05:03,Marathahalli,MG_Road,34,FALSE,30
500221,R5A_0030,13-11-2025 14:35,Shivaji_Nagar,Marathahalli,47,FALSE,43
500222,R7C_0036,13-11-2025 15:53,Shivaji_Nagar,Silk_Board,26,TRUE,5
500223,R7C_0093,14-11-2025 06:12,MG_Road,Marathahalli,34,FALSE,1
500224,R7C_0027,13-11-2025 13:51,Koramangala,Marathahalli,18,FALSE,9
500225,R7C_0002,13-11-2025 08:14,Marathahalli,Silk_Board,43,FALSE,31
500226,R5A_0023,13-11-2025 13:02,MG_Road,Silk_Board,11,TRUE,21
500227,R12B_0090,14-11-2025 05:55,Koramangala,Shivaji_Nagar,19,FALSE,30
500228,R12B_0040,13-11-2025 17:16,Koramangala,Shivaji_Nagar,12,FALSE,30
500229,R5A_0052,13-11-2025 21:09,Shivaji_Nagar,Silk_Board,11,FALSE,1
500230,R7C_0076,14-11-2025 02:35,MG_Road,Silk_Board,34,TRUE,4
500231,R12B_0042,13-11-2025 18:21,Silk_Board,Shivaji_Nagar,29,FALSE,10
500232,R7C_0076,14-11-2025 02:23,Silk_Board,Shivaji_Nagar,20,FALSE,34
500233,R7C_0072,14-11-2025 02:15,Marathahalli,MG_Road,13,FALSE,22
500234,R7C_0031,13-11-2025 14:49,Marathahalli,MG_Road,22,FALSE,54
500235,R7C_0027,13-11-2025 13:57,Shivaji_Nagar,Silk_Board,19,FALSE,38
500236,R12B_0090,14-11-2025 05:53,Silk_Board,Whitefield,49,TRUE,31
500237,R7C_0027,13-11-2025 14:06,Silk_Board,Marathahalli,31,FALSE,20
500238,R7C_0017,13-11-2025 11:28,MG_Road,Koramangala,31,FALSE,21
500239,R12B_0013,13-11-2025 11:01,Koramangala,Silk_Board,14,FALSE,42
500240,R5A_0094,14-11-2025 06:21,Koramangala,Silk_Board,14,TRUE,39
500241,R5A_0071,14-11-2025 00:57,Marathahalli,MG_Road,45,FALSE,44
500242,R12B_0085,14-11-2025 05:23,MG_Road,Marathahalli,42,TRUE,39
500243,R7C_0054,13-11-2025 21:20,Koramangala,MG_Road,24,TRUE,45
500244,R5A_0043,13-11-2025 17:40,Silk_Board,Whitefield,31,FALSE,73
500245,R5A_0092,14-11-2025 05:57,MG_Road,Marathahalli,29,FALSE,56
500246,R12B_0084,14-11-2025 04:33,Marathahalli,MG_Road,13,TRUE,26
500247,R7C_0027,13-11-2025 14:25,MG_Road,Whitefield,50,FALSE,55
500248,R7C_0065,13-11-2025 23:55,Shivaji_Nagar,Silk_Board,29,FALSE,49
500249,R12B_0048,13-11-2025 19:08,Koramangala,Marathahalli,24,TRUE,49
500250,R5A_0052,13-11-2025 20:12,Silk_Board,Whitefield,17,FALSE,36
500251,R5A_0087,14-11-2025 05:42,Koramangala,Silk_Board,35,TRUE,34
500252,R7C_0010,13-11-2025 10:28,Marathahalli,Silk_Board,25,FALSE,42
500253,R7C_0093,14-11-2025 06:57,Shivaji_Nagar,Marathahalli,14,FALSE,38
500254,R7C_0017,13-11-2025 11:47,Shivaji_Nagar,Whitefield,35,TRUE,25
500255,R7C_0008,13-11-2025 09:12,Koramangala,Marathahalli,27,FALSE,16
500256,R5A_0046,13-11-2025 19:44,Koramangala,Whitefield,22,FALSE,14
500257,R5A_0009,13-11-2025 09:27,Shivaji_Nagar,Koramangala,18,TRUE,61
500258,R5A_0046,13-11-2025 19:06,Koramangala,Silk_Board,23,FALSE,37
500259,R12B_0096,14-11-2025 08:03,Silk_Board,Marathahalli,32,TRUE,22
500260,R7C_0022,13-11-2025 12:36,MG_Road,Koramangala,39,FALSE,55
500261,R7C_0080,14-11-2025 04:08,Shivaji_Nagar,Marathahalli,41,FALSE,11
500262,R7C_0022,13-11-2025 13:34,MG_Road,Koramangala,39,FALSE,29
500263,R5A_0009,13-11-2025 09:52,Shivaji_Nagar,Silk_Board,36,TRUE,63
500264,R5A_0035,13-11-2025 16:10,MG_Road,Silk_Board,48,FALSE,49
500265,R12B_0050,13-11-2025 20:38,Silk_Board,Koramangala,26,FALSE,21
500266,R7C_0028,13-11-2025 14:06,Marathahalli,Whitefield,14,FALSE,32
500267,R7C_0060,13-11-2025 21:52,Koramangala,Marathahalli,13,TRUE,55
500268,R7C_0065,13-11-2025 23:50,Marathahalli,Koramangala,38,FALSE,21
500269,R5A_0026,13-11-2025 13:50,MG_Road,Shivaji_Nagar,48,FALSE,27
500270,R5A_0047,13-11-2025 18:41,Silk_Board,Shivaji_Nagar,25,FALSE,56
500271,R7C_0017,13-11-2025 11:37,Marathahalli,MG_Road,23,TRUE,17
500272,R12B_0037,13-11-2025 17:27,MG_Road,Shivaji_Nagar,47,TRUE,46
500273,R7C_0068,14-11-2025 00:47,Marathahalli,Silk_Board,26,TRUE,53
500274,R5A_0063,13-11-2025 23:14,MG_Road,Shivaji_Nagar,33,FALSE,38
500275,R5A_0021,13-11-2025 13:04,Koramangala,Marathahalli,35,TRUE,60
500276,R7C_0088,14-11-2025 05:19,Marathahalli,Silk_Board,23,TRUE,18
500277,R5A_0005,13-11-2025 08:08,MG_Road,Silk_Board,39,FALSE,69
500278,R7C_0068,14-11-2025 00:51,Koramangala,Silk_Board,24,FALSE,51
500279,R7C_0076,14-11-2025 02:34,MG_Road,Whitefield,19,FALSE,24
500280,R5A_0001,13-11-2025 07:32,Koramangala,Shivaji_Nagar,15,TRUE,63
500281,R5A_0092,14-11-2025 06:31,Shivaji_Nagar,Marathahalli,38,FALSE,46
500282,R12B_0096,14-11-2025 07:04,Shivaji_Nagar,Marathahalli,10,FALSE,4
500283,R5A_0032,13-11-2025 14:56,MG_Road,Silk_Board,19,TRUE,24
500284,R7C_0006,13-11-2025 09:10,Silk_Board,Koramangala,10,TRUE,33
500285,R7C_0027,13-11-2025 14:03,MG_Road,Marathahalli,16,FALSE,56
500286,R7C_0036,13-11-2025 17:09,MG_Road,Shivaji_Nagar,41,TRUE,23
500287,R5A_0058,13-11-2025 22:17,Silk_Board,MG_Road,33,FALSE,33
500288,R7C_0054,13-11-2025 20:39,Silk_Board,Marathahalli,18,TRUE,20
500289,R12B_0079,14-11-2025 03:11,Silk_Board,Whitefield,47,TRUE,15
500290,R7C_0093,14-11-2025 06:53,Marathahalli,Shivaji_Nagar,29,FALSE,46
500291,R12B_0037,13-11-2025 16:44,Marathahalli,Silk_Board,30,FALSE,4
500292,R12B_0096,14-11-2025 07:08,Shivaji_Nagar,Marathahalli,10,TRUE,43
500293,R12B_0037,13-11-2025 16:10,Marathahalli,MG_Road,42,FALSE,21
500294,R12B_0013,13-11-2025 10:33,Marathahalli,Shivaji_Nagar,22,FALSE,52
500295,R5A_0030,13-11-2025 14:26,Silk_Board,Marathahalli,43,FALSE,4
500296,R7C_0068,14-11-2025 01:15,Koramangala,MG_Road,24,TRUE,58
500297,R5A_0030,13-11-2025 14:24,Silk_Board,Whitefield,25,FALSE,14
500298,R5A_0030,13-11-2025 15:38,Koramangala,MG_Road,23,FALSE,28
500299,R5A_0049,13-11-2025 19:24,Marathahalli,Koramangala,27,FALSE,38
500300,R7C_0010,13-11-2025 10:42,Silk_Board,Shivaji_Nagar,13,TRUE,55
500301,R7C_0088,14-11-2025 05:13,Shivaji_Nagar,Silk_Board,34,FALSE,44
500302,R12B_0085,14-11-2025 04:42,Shivaji_Nagar,Koramangala,24,FALSE,60
500303,R7C_0010,13-11-2025 10:14,Shivaji_Nagar,MG_Road,40,FALSE,19
500304,R12B_0050,13-11-2025 20:32,Shivaji_Nagar,MG_Road,30,FALSE,54
500305,R5A_0075,14-11-2025 01:36,Silk_Board,Whitefield,44,FALSE,12
500306,R7C_0017,13-11-2025 12:08,Koramangala,Whitefield,45,FALSE,43
500307,R12B_0084,14-11-2025 03:51,Silk_Board,MG_Road,29,FALSE,46
500308,R7C_0093,14-11-2025 06:58,MG_Road,Whitefield,33,FALSE,59
500309,R5A_0035,13-11-2025 16:19,Shivaji_Nagar,MG_Road,50,FALSE,16
500310,R5A_0005,13-11-2025 08:30,Koramangala,Shivaji_Nagar,19,TRUE,71
500311,R12B_0048,13-11-2025 19:23,Koramangala,Marathahalli,50,FALSE,24
500312,R7C_0036,13-11-2025 16:04,Marathahalli,Koramangala,41,FALSE,28
500313,R12B_0079,14-11-2025 03:52,Marathahalli,Silk_Board,34,FALSE,21
500314,R7C_0011,13-11-2025 10:15,Marathahalli,Shivaji_Nagar,36,FALSE,11
500315,R5A_0049,13-11-2025 19:52,MG_Road,Silk_Board,23,FALSE,28
500316,R5A_0052,13-11-2025 20:09,Marathahalli,Shivaji_Nagar,14,FALSE,12
500317,R5A_0049,13-11-2025 20:26,Shivaji_Nagar,Koramangala,50,FALSE,26
500318,R12B_0084,14-11-2025 04:55,Marathahalli,Silk_Board,49,TRUE,19
500319,R5A_0063,13-11-2025 23:25,Koramangala,Silk_Board,49,TRUE,17
500320,R7C_0065,14-11-2025 00:20,Marathahalli,Whitefield,18,FALSE,15
500321,R7C_0065,14-11-2025 00:20,Shivaji_Nagar,Silk_Board,37,TRUE,27
500322,R12B_0040,13-11-2025 17:27,Marathahalli,Silk_Board,43,FALSE,37
500323,R12B_0042,13-11-2025 18:05,MG_Road,Whitefield,33,TRUE,32
500324,R7C_0036,13-11-2025 15:56,Marathahalli,MG_Road,48,TRUE,33
500325,R5A_0066,14-11-2025 00:33,Koramangala,Shivaji_Nagar,17,FALSE,46
500326,R5A_0043,13-11-2025 18:31,Silk_Board,Shivaji_Nagar,14,FALSE,62
500327,R7C_0061,13-11-2025 22:40,MG_Road,Silk_Board,22,TRUE,33
500328,R7C_0010,13-11-2025 10:44,Silk_Board,MG_Road,44,TRUE,40
500329,R5A_0058,13-11-2025 22:08,Silk_Board,Whitefield,18,FALSE,58
500330,R5A_0035,13-11-2025 16:51,Koramangala,Marathahalli,25,FALSE,14
500331,R5A_0004,13-11-2025 08:56,Marathahalli,Koramangala,13,TRUE,66
500332,R12B_0050,13-11-2025 20:10,Koramangala,Marathahalli,13,TRUE,33
500333,R7C_0016,13-11-2025 12:12,Silk_Board,Whitefield,39,FALSE,30
500334,R7C_0068,13-11-2025 23:54,Marathahalli,MG_Road,48,FALSE,37
500335,R7C_0072,14-11-2025 01:36,Silk_Board,Koramangala,14,TRUE,4
500336,R7C_0072,14-11-2025 01:11,Silk_Board,Koramangala,12,FALSE,5
500337,R5A_0005,13-11-2025 09:29,Marathahalli,Silk_Board,10,FALSE,69
500338,R5A_0064,13-11-2025 23:34,Koramangala,MG_Road,46,TRUE,29
500339,R5A_0049,13-11-2025 19:14,Marathahalli,Whitefield,27,FALSE,10
500340,R5A_0052,13-11-2025 21:06,Koramangala,Silk_Board,23,FALSE,37
500341,R12B_0096,14-11-2025 07:58,MG_Road,Marathahalli,18,FALSE,26
500342,R5A_0023,13-11-2025 12:36,Marathahalli,Koramangala,24,TRUE,33
500343,R7C_0055,13-11-2025 20:38,Marathahalli,Silk_Board,25,TRUE,32
500344,R5A_0030,13-11-2025 14:51,Koramangala,Silk_Board,47,FALSE,22
500345,R12B_0018,13-11-2025 11:40,MG_Road,Silk_Board,10,FALSE,16
500346,R12B_0040,13-11-2025 17:04,Koramangala,Whitefield,33,FALSE,18
500347,R12B_0096,14-11-2025 07:37,MG_Road,Shivaji_Nagar,14,TRUE,46
500348,R5A_0071,14-11-2025 01:28,Marathahalli,Silk_Board,40,FALSE,11
500349,R7C_0088,14-11-2025 05:03,Silk_Board,MG_Road,38,FALSE,5
500350,R12B_0090,14-11-2025 06:35,Shivaji_Nagar,Whitefield,14,TRUE,34
500351,R5A_0038,13-11-2025 17:31,MG_Road,Koramangala,35,FALSE,52
500352,R5A_0046,13-11-2025 18:52,Silk_Board,Shivaji_Nagar,27,FALSE,65
500353,R5A_0075,14-11-2025 01:36,Silk_Board,MG_Road,26,TRUE,1
500354,R5A_0087,14-11-2025 05:29,Marathahalli,Whitefield,23,FALSE,21
500355,R5A_0046,13-11-2025 18:28,MG_Road,Whitefield,10,FALSE,70
500356,R5A_0089,14-11-2025 05:26,Koramangala,MG_Road,45,FALSE,40
500357,R12B_0040,13-11-2025 17:40,MG_Road,Koramangala,15,FALSE,58
500358,R12B_0042,13-11-2025 18:13,MG_Road,Silk_Board,46,FALSE,50
500359,R7C_0065,14-11-2025 00:28,Koramangala,MG_Road,14,FALSE,54
500360,R7C_0068,14-11-2025 00:01,Shivaji_Nagar,MG_Road,15,FALSE,38
500361,R12B_0020,13-11-2025 12:12,Silk_Board,Shivaji_Nagar,48,FALSE,19
500362,R12B_0096,14-11-2025 07:50,Marathahalli,Whitefield,26,FALSE,7
500363,R5A_0005,13-11-2025 08:21,Shivaji_Nagar,Whitefield,30,FALSE,62
500364,R12B_0053,13-11-2025 20:08,Koramangala,Silk_Board,32,TRUE,16
500365,R5A_0043,13-11-2025 18:31,MG_Road,Silk_Board,17,TRUE,69
500366,R7C_0080,14-11-2025 03:53,Koramangala,MG_Road,22,FALSE,26
500367,R7C_0088,14-11-2025 05:30,Silk_Board,Koramangala,19,TRUE,17
500368,R7C_0022,13-11-2025 13:00,MG_Road,Shivaji_Nagar,20,TRUE,50
500369,R5A_0058,13-11-2025 21:34,Silk_Board,Whitefield,34,TRUE,26
500370,R7C_0055,13-11-2025 21:05,Shivaji_Nagar,Koramangala,22,FALSE,46
500371,R7C_0015,13-11-2025 11:15,Koramangala,Marathahalli,30,FALSE,9
500372,R12B_0042,13-11-2025 18:20,Silk_Board,Shivaji_Nagar,32,FALSE,2
500373,R5A_0005,13-11-2025 08:31,Koramangala,Silk_Board,35,FALSE,68
500374,R12B_0085,14-11-2025 04:40,Marathahalli,Koramangala,16,FALSE,20
500375,R12B_0050,13-11-2025 20:29,MG_Road,Shivaji_Nagar,34,TRUE,2
500376,R7C_0008,13-11-2025 09:00,MG_Road,Whitefield,33,FALSE,6
500377,R12B_0096,14-11-2025 07:11,MG_Road,Marathahalli,19,TRUE,54
500378,R5A_0049,13-11-2025 20:19,Koramangala,Shivaji_Nagar,37,TRUE,14
500379,R7C_0044,13-11-2025 18:44,Koramangala,Silk_Board,47,FALSE,2
500380,R5A_0058,13-11-2025 21:55,Shivaji_Nagar,Koramangala,47,FALSE,20
500381,R12B_0040,13-11-2025 17:39,MG_Road,Koramangala,37,FALSE,56
500382,R7C_0016,13-11-2025 10:54,Marathahalli,Shivaji_Nagar,40,FALSE,56
500383,R7C_0015,13-11-2025 11:18,Koramangala,Marathahalli,21,FALSE,7
500384,R5A_0001,13-11-2025 07:06,Silk_Board,MG_Road,38,FALSE,55
500385,R12B_0018,13-11-2025 12:35,Marathahalli,Whitefield,35,FALSE,15
500386,R5A_0004,13-11-2025 08:10,Koramangala,Marathahalli,39,FALSE,66
500387,R7C_0008,13-11-2025 08:51,Koramangala,Whitefield,14,FALSE,13
500388,R7C_0006,13-11-2025 09:26,Koramangala,Silk_Board,41,TRUE,5
500389,R5A_0052,13-11-2025 20:58,Shivaji_Nagar,Whitefield,14,FALSE,47
500390,R5A_0092,14-11-2025 05:56,Marathahalli,Silk_Board,18,TRUE,20
500391,R5A_0089,14-11-2025 05:57,Shivaji_Nagar,Silk_Board,49,FALSE,7
500392,R5A_0001,13-11-2025 07:06,Koramangala,Whitefield,30,TRUE,63
500393,R5A_0071,14-11-2025 01:35,Koramangala,Silk_Board,49,FALSE,32
500394,R12B_0013,13-11-2025 10:20,Koramangala,Shivaji_Nagar,38,FALSE,51
500395,R5A_0087,14-11-2025 05:24,MG_Road,Shivaji_Nagar,21,FALSE,40
500396,R5A_0058,13-11-2025 22:21,Marathahalli,Shivaji_Nagar,47,TRUE,27
500397,R12B_0042,13-11-2025 18:04,Koramangala,Shivaji_Nagar,13,FALSE,25
500398,R5A_0001,13-11-2025 07:07,Shivaji_Nagar,MG_Road,12,FALSE,67
500399,R12B_0013,13-11-2025 10:48,Koramangala,Marathahalli,47,FALSE,56
500400,R5A_0092,14-11-2025 06:53,Koramangala,MG_Road,29,TRUE,4
500401,R5A_0052,13-11-2025 20:58,Marathahalli,Whitefield,34,FALSE,49
500402,R5A_0032,13-11-2025 15:40,Koramangala,Shivaji_Nagar,26,TRUE,5
500403,R12B_0051,13-11-2025 20:43,MG_Road,Whitefield,46,FALSE,51
500404,R7C_0016,13-11-2025 11:14,Marathahalli,Whitefield,40,FALSE,20
500405,R7C_0080,14-11-2025 03:42,Koramangala,Shivaji_Nagar,46,FALSE,57
500406,R7C_0065,13-11-2025 23:47,Silk_Board,Whitefield,34,FALSE,40
500407,R12B_0053,13-11-2025 20:58,Shivaji_Nagar,Silk_Board,43,FALSE,42
500408,R12B_0042,13-11-2025 18:08,Shivaji_Nagar,MG_Road,21,FALSE,3
500409,R7C_0080,14-11-2025 03:48,Koramangala,Whitefield,29,FALSE,25
500410,R5A_0052,13-11-2025 20:32,MG_Road,Whitefield,30,TRUE,5
500411,R5A_0052,13-11-2025 20:30,Silk_Board,Shivaji_Nagar,25,FALSE,3
500412,R7C_0016,13-11-2025 10:51,Marathahalli,MG_Road,41,TRUE,36
500413,R5A_0046,13-11-2025 18:27,MG_Road,Marathahalli,45,TRUE,74
500414,R12B_0053,13-11-2025 21:28,Marathahalli,Koramangala,25,FALSE,5
500415,R7C_0093,14-11-2025 06:56,Koramangala,Whitefield,17,FALSE,34
500416,R5A_0046,13-11-2025 19:28,Silk_Board,Koramangala,12,FALSE,32
500417,R5A_0035,13-11-2025 16:12,Shivaji_Nagar,Marathahalli,28,FALSE,60
500418,R5A_0073,14-11-2025 01:28,Silk_Board,MG_Road,20,FALSE,7
500419,R5A_0052,13-11-2025 20:02,MG_Road,Marathahalli,12,FALSE,23
500420,R5A_0064,13-11-2025 23:15,Silk_Board,Shivaji_Nagar,15,FALSE,58
500421,R5A_0021,13-11-2025 13:08,Marathahalli,Shivaji_Nagar,36,FALSE,50
500422,R7C_0067,14-11-2025 00:07,Silk_Board,Shivaji_Nagar,34,FALSE,10
500423,R7C_0076,14-11-2025 02:11,Shivaji_Nagar,MG_Road,27,FALSE,60
500424,R7C_0080,14-11-2025 02:53,MG_Road,Marathahalli,24,FALSE,23
500425,R7C_0055,13-11-2025 21:14,Marathahalli,MG_Road,40,FALSE,49
500426,R5A_0094,14-11-2025 07:04,MG_Road,Marathahalli,11,FALSE,57
500427,R7C_0002,13-11-2025 07:21,Silk_Board,Whitefield,25,FALSE,13
500428,R5A_0059,13-11-2025 22:07,Koramangala,MG_Road,29,FALSE,30
500429,R7C_0060,13-11-2025 22:48,Koramangala,Whitefield,25,TRUE,22
500430,R5A_0066,13-11-2025 23:37,MG_Road,Shivaji_Nagar,10,FALSE,13
500431,R7C_0011,13-11-2025 10:12,Marathahalli,Whitefield,16,FALSE,31
500432,R5A_0066,13-11-2025 23:36,Shivaji_Nagar,MG_Road,33,FALSE,43
500433,R12B_0090,14-11-2025 06:44,Marathahalli,Whitefield,25,FALSE,59
500434,R12B_0018,13-11-2025 11:24,MG_Road,Shivaji_Nagar,21,TRUE,56
500435,R7C_0031,13-11-2025 15:47,Marathahalli,MG_Road,13,FALSE,3
500436,R7C_0067,13-11-2025 23:48,Silk_Board,Marathahalli,45,TRUE,54
500437,R7C_0100,14-11-2025 08:07,Shivaji_Nagar,Whitefield,39,TRUE,10
500438,R7C_0068,14-11-2025 00:58,Shivaji_Nagar,Koramangala,39,FALSE,5
500439,R7C_0011,13-11-2025 10:45,Silk_Board,Whitefield,13,FALSE,55
500440,R5A_0005,13-11-2025 08:48,MG_Road,Whitefield,36,FALSE,71
500441,R12B_0020,13-11-2025 11:53,Marathahalli,Whitefield,17,FALSE,12
500442,R7C_0088,14-11-2025 05:09,MG_Road,Silk_Board,18,FALSE,28
500443,R12B_0085,14-11-2025 04:30,Koramangala,Whitefield,48,FALSE,29
500444,R5A_0023,13-11-2025 12:44,Koramangala,Shivaji_Nagar,47,FALSE,60
500445,R5A_0032,13-11-2025 15:20,Silk_Board,Whitefield,16,FALSE,39
500446,R5A_0064,13-11-2025 23:45,Marathahalli,MG_Road,42,FALSE,34
500447,R5A_0030,13-11-2025 15:44,Marathahalli,MG_Road,26,FALSE,36
500448,R12B_0018,13-11-2025 11:49,MG_Road,Whitefield,46,FALSE,11
500449,R12B_0037,13-11-2025 16:47,Koramangala,Shivaji_Nagar,13,TRUE,5
500450,R12B_0050,13-11-2025 20:14,Shivaji_Nagar,MG_Road,18,TRUE,13
500451,R12B_0048,13-11-2025 20:02,Koramangala,Shivaji_Nagar,35,FALSE,37
500452,R5A_0075,14-11-2025 02:34,Silk_Board,Koramangala,22,FALSE,24
500453,R7C_0027,13-11-2025 13:40,Koramangala,Whitefield,18,FALSE,10
500454,R7C_0016,13-11-2025 11:22,Koramangala,Marathahalli,31,FALSE,55
500455,R7C_0016,13-11-2025 11:08,Koramangala,Whitefield,17,FALSE,47
500456,R7C_0060,13-11-2025 23:02,Shivaji_Nagar,Silk_Board,21,FALSE,20
500457,R7C_0015,13-11-2025 11:43,MG_Road,Marathahalli,10,FALSE,48
500458,R7C_0011,13-11-2025 10:59,Shivaji_Nagar,Silk_Board,49,FALSE,4
500459,R5A_0059,13-11-2025 22:12,MG_Road,Koramangala,50,FALSE,10
500460,R5A_0064,13-11-2025 23:05,Koramangala,Marathahalli,47,FALSE,40
500461,R7C_0055,13-11-2025 21:11,Silk_Board,Whitefield,42,FALSE,31
500462,R5A_0005,13-11-2025 08:07,Koramangala,Shivaji_Nagar,19,TRUE,59
500463,R5A_0030,13-11-2025 15:28,Koramangala,Shivaji_Nagar,30,FALSE,42
500464,R7C_0006,13-11-2025 08:47,Silk_Board,Shivaji_Nagar,44,FALSE,19
500465,R7C_0027,13-11-2025 14:55,Koramangala,Shivaji_Nagar,17,TRUE,15
500466,R12B_0040,13-11-2025 17:59,Koramangala,MG_Road,31,TRUE,37
500467,R12B_0051,13-11-2025 20:40,Shivaji_Nagar,Koramangala,24,FALSE,28
500468,R7C_0036,13-11-2025 16:58,MG_Road,Whitefield,23,TRUE,41
500469,R5A_0005,13-11-2025 08:57,Silk_Board,Shivaji_Nagar,38,FALSE,74
500470,R7C_0028,13-11-2025 14:38,Koramangala,Marathahalli,20,TRUE,2
500471,R5A_0035,13-11-2025 16:02,MG_Road,Whitefield,25,TRUE,10
500472,R5A_0064,13-11-2025 23:07,Shivaji_Nagar,MG_Road,45,TRUE,58
500473,R5A_0026,13-11-2025 14:01,MG_Road,Marathahalli,23,FALSE,58
500474,R5A_0059,13-11-2025 21:57,Koramangala,MG_Road,15,FALSE,3
500475,R7C_0015,13-11-2025 10:45,Marathahalli,Silk_Board,26,FALSE,27
500476,R12B_0085,14-11-2025 04:30,MG_Road,Marathahalli,18,TRUE,40
500477,R7C_0068,14-11-2025 00:24,MG_Road,Koramangala,16,FALSE,21
500478,R7C_0002,13-11-2025 08:32,Marathahalli,Shivaji_Nagar,35,TRUE,30
500479,R12B_0090,14-11-2025 05:53,MG_Road,Marathahalli,14,FALSE,19
500480,R5A_0023,13-11-2025 13:41,Koramangala,MG_Road,39,FALSE,7
500481,R12B_0018,13-11-2025 12:18,Silk_Board,Whitefield,23,FALSE,49
500482,R12B_0090,14-11-2025 06:08,Koramangala,Shivaji_Nagar,33,TRUE,38
500483,R5A_0063,13-11-2025 23:37,Silk_Board,Marathahalli,26,FALSE,37
500484,R5A_0035,13-11-2025 16:28,Shivaji_Nagar,MG_Road,16,TRUE,7
500485,R7C_0068,14-11-2025 01:06,Marathahalli,Silk_Board,18,FALSE,8
500486,R7C_0002,13-11-2025 07:41,Marathahalli,Silk_Board,15,TRUE,23
500487,R7C_0067,13-11-2025 23:46,Shivaji_Nagar,Koramangala,46,TRUE,8
500488,R5A_0059,13-11-2025 22:55,Silk_Board,MG_Road,15,FALSE,44
500489,R5A_0047,13-11-2025 19:32,MG_Road,Silk_Board,44,FALSE,28
500490,R12B_0085,14-11-2025 04:18,Shivaji_Nagar,MG_Road,22,FALSE,22
500491,R5A_0075,14-11-2025 02:15,Koramangala,Whitefield,22,FALSE,45
500492,R7C_0017,13-11-2025 11:16,Marathahalli,Silk_Board,19,TRUE,12
500493,R7C_0080,14-11-2025 03:20,Shivaji_Nagar,MG_Road,35,FALSE,52
500494,R12B_0048,13-11-2025 19:38,Koramangala,Silk_Board,15,FALSE,26
500495,R12B_0020,13-11-2025 12:16,Silk_Board,Koramangala,31,FALSE,22
500496,R5A_0059,13-11-2025 22:06,Shivaji_Nagar,Whitefield,16,FALSE,8
500497,R5A_0001,13-11-2025 07:19,Marathahalli,Whitefield,23,FALSE,74
500498,R5A_0038,13-11-2025 17:27,Koramangala,Shivaji_Nagar,43,TRUE,75
500499,R5A_0058,13-11-2025 22:27,Marathahalli,Shivaji_Nagar,24,FALSE,57
500500,R7C_0065,13-11-2025 23:29,Silk_Board,Shivaji_Nagar,45,FALSE,52
500501,R12B_0033,13-11-2025 15:56,Marathahalli,MG_Road,26,FALSE,32
500502,R5A_0001,13-11-2025 07:07,Marathahalli,Koramangala,18,FALSE,67
500503,R7C_0100,14-11-2025 08:08,MG_Road,Whitefield,16,TRUE,28
500504,R12B_0040,13-11-2025 17:26,Koramangala,Whitefield,13,FALSE,36
500505,R7C_0015,13-11-2025 11:41,Silk_Board,Whitefield,29,FALSE,10
500506,R7C_0100,14-11-2025 08:29,Koramangala,Silk_Board,15,FALSE,25
500507,R7C_0093,14-11-2025 06:45,Koramangala,MG_Road,37,FALSE,31
500508,R5A_0035,13-11-2025 16:01,Shivaji_Nagar,Marathahalli,15,FALSE,33
500509,R7C_0080,14-11-2025 03:26,Silk_Board,Marathahalli,15,TRUE,38
500510,R5A_0009,13-11-2025 09:32,Marathahalli,Koramangala,30,FALSE,60
500511,R5A_0030,13-11-2025 15:22,Marathahalli,Shivaji_Nagar,36,FALSE,48
500512,R5A_0066,13-11-2025 23:32,Koramangala,Shivaji_Nagar,44,TRUE,54
500513,R7C_0072,14-11-2025 02:08,Koramangala,MG_Road,35,TRUE,31
500514,R5A_0001,13-11-2025 07:54,Marathahalli,MG_Road,50,FALSE,60
500515,R5A_0094,14-11-2025 07:26,Silk_Board,Marathahalli,34,FALSE,63
500516,R7C_0015,13-11-2025 11:22,Shivaji_Nagar,Whitefield,13,TRUE,9
500517,R5A_0021,13-11-2025 13:03,Shivaji_Nagar,Marathahalli,49,FALSE,47
500518,R12B_0042,13-11-2025 18:21,Shivaji_Nagar,MG_Road,27,FALSE,34
500519,R7C_0080,14-11-2025 03:11,Koramangala,Marathahalli,44,FALSE,9
500520,R7C_0060,13-11-2025 22:10,Shivaji_Nagar,Whitefield,27,FALSE,18
500521,R7C_0002,13-11-2025 08:41,Shivaji_Nagar,Silk_Board,45,TRUE,58
500522,R5A_0052,13-11-2025 20:21,Shivaji_Nagar,Koramangala,39,FALSE,5
500523,R12B_0048,13-11-2025 19:12,MG_Road,Silk_Board,31,FALSE,14
500524,R5A_0071,14-11-2025 01:03,Marathahalli,Silk_Board,30,FALSE,4
500525,R5A_0021,13-11-2025 12:39,Marathahalli,MG_Road,15,FALSE,19
500526,R5A_0021,13-11-2025 12:29,Koramangala,Marathahalli,49,FALSE,25
500527,R5A_0030,13-11-2025 15:28,Shivaji_Nagar,Koramangala,17,FALSE,40
500528,R7C_0076,14-11-2025 02:10,Marathahalli,Whitefield,41,FALSE,27
500529,R7C_0055,13-11-2025 20:37,Shivaji_Nagar,Marathahalli,19,FALSE,46
500530,R5A_0094,14-11-2025 06:46,Koramangala,Marathahalli,30,TRUE,20
500531,R5A_0059,13-11-2025 22:43,Marathahalli,Shivaji_Nagar,47,FALSE,39
500532,R5A_0001,13-11-2025 07:20,Shivaji_Nagar,MG_Road,36,FALSE,70
500533,R7C_0010,13-11-2025 10:17,Marathahalli,MG_Road,41,TRUE,18
500534,R7C_0016,13-11-2025 11:42,Silk_Board,Shivaji_Nagar,38,FALSE,18
500535,R12B_0033,13-11-2025 16:15,MG_Road,Koramangala,42,TRUE,30
500536,R5A_0001,13-11-2025 08:04,MG_Road,Koramangala,45,TRUE,69
500537,R7C_0093,14-11-2025 07:00,Koramangala,Shivaji_Nagar,13,FALSE,37
500538,R5A_0021,13-11-2025 12:37,Silk_Board,Shivaji_Nagar,19,TRUE,6
500539,R5A_0005,13-11-2025 08:23,Marathahalli,Shivaji_Nagar,45,FALSE,54
500540,R5A_0026,13-11-2025 13:54,Silk_Board,Shivaji_Nagar,44,FALSE,8
500541,R12B_0037,13-11-2025 17:09,Koramangala,MG_Road,28,FALSE,28
500542,R7C_0016,13-11-2025 11:58,Shivaji_Nagar,MG_Road,42,TRUE,42
500543,R7C_0022,13-11-2025 13:12,Silk_Board,Marathahalli,44,FALSE,49
500544,R5A_0094,14-11-2025 06:35,Shivaji_Nagar,Koramangala,14,FALSE,15
500545,R5A_0089,14-11-2025 05:54,Silk_Board,MG_Road,47,FALSE,54
500546,R7C_0002,13-11-2025 07:30,Marathahalli,Silk_Board,40,FALSE,56
500547,R12B_0033,13-11-2025 16:23,MG_Road,Silk_Board,41,FALSE,58
500548,R7C_0068,14-11-2025 00:18,Marathahalli,MG_Road,50,FALSE,33
500549,R5A_0052,13-11-2025 20:56,Marathahalli,Koramangala,17,FALSE,29
500550,R5A_0092,14-11-2025 06:20,Shivaji_Nagar,Koramangala,10,FALSE,58
500551,R5A_0035,13-11-2025 16:19,Marathahalli,Koramangala,40,FALSE,56
500552,R5A_0023,13-11-2025 13:44,Silk_Board,Marathahalli,43,TRUE,9
500553,R12B_0053,13-11-2025 20:11,Koramangala,Shivaji_Nagar,12,FALSE,4
500554,R5A_0094,14-11-2025 06:30,Silk_Board,Shivaji_Nagar,49,TRUE,31
500555,R12B_0042,13-11-2025 18:06,MG_Road,Shivaji_Nagar,27,FALSE,3
500556,R7C_0072,14-11-2025 01:02,Koramangala,Whitefield,41,FALSE,6
500557,R7C_0054,13-11-2025 21:39,Silk_Board,MG_Road,47,FALSE,10
500558,R5A_0009,13-11-2025 09:28,Koramangala,Silk_Board,43,FALSE,54
500559,R7C_0015,13-11-2025 11:54,Koramangala,Marathahalli,15,FALSE,34
500560,R5A_0089,14-11-2025 06:25,MG_Road,Marathahalli,14,FALSE,14
500561,R5A_0087,14-11-2025 05:51,Shivaji_Nagar,Marathahalli,31,FALSE,37
500562,R7C_0008,13-11-2025 09:23,Koramangala,Marathahalli,25,FALSE,39
500563,R7C_0068,14-11-2025 01:08,Marathahalli,MG_Road,48,TRUE,52
500564,R5A_0089,14-11-2025 05:37,MG_Road,Shivaji_Nagar,40,FALSE,41
500565,R5A_0052,13-11-2025 19:52,Shivaji_Nagar,Marathahalli,50,FALSE,34
500566,R5A_0066,13-11-2025 23:55,MG_Road,Shivaji_Nagar,12,FALSE,60
500567,R7C_0036,13-11-2025 16:49,MG_Road,Koramangala,42,FALSE,11
500568,R12B_0020,13-11-2025 12:53,MG_Road,Whitefield,23,TRUE,12
500569,R12B_0033,13-11-2025 15:57,MG_Road,Marathahalli,35,FALSE,2
500570,R7C_0027,13-11-2025 13:52,Marathahalli,Whitefield,31,FALSE,20
500571,R5A_0046,13-11-2025 18:51,Shivaji_Nagar,Marathahalli,47,FALSE,63
500572,R12B_0020,13-11-2025 12:19,MG_Road,Marathahalli,33,FALSE,9
500573,R7C_0065,13-11-2025 23:39,Shivaji_Nagar,Silk_Board,34,FALSE,2
500574,R5A_0047,13-11-2025 18:42,MG_Road,Silk_Board,28,FALSE,53
500575,R5A_0043,13-11-2025 18:03,Shivaji_Nagar,Koramangala,13,FALSE,70
500576,R7C_0006,13-11-2025 09:09,Silk_Board,Whitefield,46,TRUE,41
500577,R5A_0026,13-11-2025 14:44,Koramangala,Silk_Board,17,FALSE,44
500578,R7C_0006,13-11-2025 09:38,Silk_Board,Marathahalli,47,FALSE,1
500579,R5A_0047,13-11-2025 19:27,Silk_Board,Shivaji_Nagar,38,TRUE,18
500580,R5A_0009,13-11-2025 09:53,MG_Road,Koramangala,33,FALSE,60
500581,R5A_0047,13-11-2025 18:54,MG_Road,Koramangala,49,FALSE,56
500582,R7C_0055,13-11-2025 20:36,Shivaji_Nagar,Koramangala,50,FALSE,58
500583,R12B_0096,14-11-2025 08:00,Silk_Board,Koramangala,38,TRUE,31
500584,R7C_0055,13-11-2025 21:02,Shivaji_Nagar,MG_Road,47,FALSE,48
500585,R12B_0020,13-11-2025 12:49,Silk_Board,MG_Road,16,TRUE,54
500586,R12B_0037,13-11-2025 16:09,MG_Road,Koramangala,40,TRUE,44
500587,R5A_0071,14-11-2025 01:43,Marathahalli,Shivaji_Nagar,46,TRUE,3
500588,R5A_0038,13-11-2025 16:34,Silk_Board,Koramangala,10,FALSE,35
500589,R12B_0090,14-11-2025 05:54,Silk_Board,Shivaji_Nagar,48,FALSE,7
500590,R7C_0016,13-11-2025 10:55,Marathahalli,MG_Road,41,FALSE,18
500591,R7C_0072,14-11-2025 01:35,Silk_Board,Koramangala,33,FALSE,36
500592,R7C_0067,14-11-2025 00:03,Silk_Board,Koramangala,50,TRUE,55
500593,R5A_0059,13-11-2025 22:10,MG_Road,Whitefield,12,FALSE,11
500594,R12B_0090,14-11-2025 06:41,Shivaji_Nagar,Silk_Board,12,TRUE,9
500595,R7C_0080,14-11-2025 03:24,Shivaji_Nagar,Silk_Board,46,FALSE,38
500596,R12B_0020,13-11-2025 12:24,MG_Road,Shivaji_Nagar,24,FALSE,15
500597,R12B_0053,13-11-2025 20:09,MG_Road,Marathahalli,33,FALSE,2
500598,R7C_0080,14-11-2025 04:04,Marathahalli,MG_Road,32,FALSE,45
500599,R7C_0006,13-11-2025 09:29,Silk_Board,Koramangala,49,FALSE,4
500600,R12B_0020,13-11-2025 12:06,Marathahalli,Silk_Board,19,FALSE,53
500601,R7C_0002,13-11-2025 07:48,MG_Road,Marathahalli,34,FALSE,46
500602,R7C_0054,13-11-2025 21:16,Silk_Board,MG_Road,29,TRUE,36
500603,R7C_0067,13-11-2025 23:51,Marathahalli,Silk_Board,24,FALSE,54
500604,R5A_0026,13-11-2025 14:32,Marathahalli,Koramangala,50,FALSE,36
500605,R12B_0048,13-11-2025 19:24,MG_Road,Shivaji_Nagar,27,FALSE,6
500606,R5A_0049,13-11-2025 19:48,MG_Road,Koramangala,33,FALSE,55
500607,R7C_0016,13-11-2025 10:51,Shivaji_Nagar,Marathahalli,26,FALSE,53
500608,R5A_0052,13-11-2025 20:17,Shivaji_Nagar,Whitefield,44,TRUE,60
500609,R5A_0021,13-11-2025 12:56,Shivaji_Nagar,Silk_Board,44,TRUE,60
500610,R7C_0022,13-11-2025 13:41,Silk_Board,Whitefield,12,FALSE,6
500611,R5A_0058,13-11-2025 22:13,Silk_Board,MG_Road,46,TRUE,60
500612,R7C_0044,13-11-2025 18:13,MG_Road,Koramangala,14,FALSE,8
500613,R5A_0043,13-11-2025 18:42,Marathahalli,Koramangala,34,FALSE,72
500614,R7C_0031,13-11-2025 14:45,Marathahalli,Whitefield,17,TRUE,57
500615,R7C_0031,13-11-2025 14:46,Silk_Board,Marathahalli,10,TRUE,29
500616,R7C_0027,13-11-2025 14:09,Shivaji_Nagar,MG_Road,16,FALSE,8
500617,R5A_0064,14-11-2025 00:01,Marathahalli,Shivaji_Nagar,32,FALSE,32
500618,R5A_0021,13-11-2025 12:35,Silk_Board,Koramangala,16,FALSE,18
500619,R5A_0073,14-11-2025 02:01,Koramangala,MG_Road,24,TRUE,55
500620,R7C_0061,13-11-2025 22:30,MG_Road,Shivaji_Nagar,38,FALSE,2
500621,R5A_0066,14-11-2025 00:27,Marathahalli,Whitefield,27,TRUE,60
500622,R7C_0015,13-11-2025 10:53,MG_Road,Koramangala,29,FALSE,21
500623,R7C_0008,13-11-2025 09:17,Silk_Board,Whitefield,50,FALSE,26
500624,R7C_0016,13-11-2025 11:44,Koramangala,Shivaji_Nagar,36,FALSE,50
500625,R12B_0033,13-11-2025 16:17,Silk_Board,Koramangala,16,TRUE,20
500626,R5A_0005,13-11-2025 08:10,Koramangala,Silk_Board,21,FALSE,53
500627,R12B_0020,13-11-2025 12:01,Silk_Board,Marathahalli,47,FALSE,33
500628,R12B_0084,14-11-2025 04:21,MG_Road,Silk_Board,45,FALSE,15
500629,R5A_0087,14-11-2025 05:57,Shivaji_Nagar,Silk_Board,27,FALSE,1
500630,R7C_0036,13-11-2025 16:51,MG_Road,Silk_Board,33,FALSE,16
500631,R5A_0087,14-11-2025 05:04,Shivaji_Nagar,Marathahalli,32,TRUE,46
500632,R7C_0065,13-11-2025 23:48,Silk_Board,Whitefield,21,FALSE,53
500633,R12B_0040,13-11-2025 17:16,MG_Road,Silk_Board,49,TRUE,54
500634,R7C_0072,14-11-2025 01:46,MG_Road,Shivaji_Nagar,36,FALSE,23
500635,R12B_0085,14-11-2025 05:24,Shivaji_Nagar,Whitefield,24,FALSE,11
500636,R5A_0059,13-11-2025 22:37,Shivaji_Nagar,Silk_Board,10,FALSE,60
500637,R12B_0084,14-11-2025 04:19,Koramangala,Silk_Board,36,FALSE,43
500638,R7C_0095,14-11-2025 07:21,Shivaji_Nagar,MG_Road,17,FALSE,36
500639,R12B_0018,13-11-2025 12:34,Silk_Board,Whitefield,13,FALSE,34
500640,R12B_0051,13-11-2025 20:28,Shivaji_Nagar,MG_Road,50,FALSE,25
500641,R7C_0044,13-11-2025 18:07,Silk_Board,Whitefield,15,FALSE,15
500642,R7C_0010,13-11-2025 09:55,Koramangala,Marathahalli,26,FALSE,5
500643,R7C_0036,13-11-2025 16:21,Shivaji_Nagar,Koramangala,25,TRUE,8
500644,R7C_0027,13-11-2025 14:32,MG_Road,Koramangala,41,FALSE,2
500645,R7C_0028,13-11-2025 14:52,MG_Road,Silk_Board,45,TRUE,15
500646,R5A_0023,13-11-2025 13:20,MG_Road,Silk_Board,43,FALSE,15
500647,R7C_0006,13-11-2025 09:09,Marathahalli,MG_Road,10,TRUE,44
500648,R5A_0026,13-11-2025 14:25,Silk_Board,Shivaji_Nagar,37,FALSE,14
500649,R7C_0028,13-11-2025 14:18,Silk_Board,Whitefield,34,TRUE,11
500650,R12B_0053,13-11-2025 20:46,Marathahalli,MG_Road,38,TRUE,20
500651,R5A_0026,13-11-2025 13:37,Koramangala,Whitefield,37,TRUE,13
500652,R12B_0040,13-11-2025 17:07,Shivaji_Nagar,Whitefield,32,FALSE,5
500653,R5A_0009,13-11-2025 10:29,MG_Road,Marathahalli,13,FALSE,35
500654,R7C_0076,14-11-2025 03:10,MG_Road,Whitefield,27,TRUE,56
500655,R7C_0076,14-11-2025 02:57,Shivaji_Nagar,MG_Road,33,FALSE,19
500656,R7C_0008,13-11-2025 08:53,Marathahalli,MG_Road,25,TRUE,32
500657,R12B_0051,13-11-2025 20:07,Marathahalli,Silk_Board,15,FALSE,24
500658,R12B_0033,13-11-2025 15:55,Silk_Board,Koramangala,50,FALSE,16
500659,R7C_0067,13-11-2025 23:50,Marathahalli,MG_Road,40,TRUE,15
500660,R5A_0092,14-11-2025 06:06,Koramangala,Silk_Board,24,FALSE,55
500661,R5A_0058,13-11-2025 21:49,Shivaji_Nagar,Koramangala,34,FALSE,13
500662,R7C_0093,14-11-2025 07:22,Silk_Board,MG_Road,26,FALSE,54
500663,R7C_0095,14-11-2025 07:07,Koramangala,MG_Road,25,FALSE,14
500664,R5A_0023,13-11-2025 12:47,Shivaji_Nagar,Koramangala,25,TRUE,34
500665,R5A_0046,13-11-2025 19:24,Silk_Board,Shivaji_Nagar,44,FALSE,49
500666,R12B_0040,13-11-2025 17:14,MG_Road,Silk_Board,47,TRUE,24
500667,R12B_0040,13-11-2025 17:01,Marathahalli,Shivaji_Nagar,26,TRUE,49
500668,R12B_0040,13-11-2025 17:38,Koramangala,Shivaji_Nagar,43,FALSE,60
500669,R7C_0010,13-11-2025 10:33,Koramangala,MG_Road,16,FALSE,50
500670,R5A_0092,14-11-2025 06:55,MG_Road,Whitefield,49,TRUE,9
500671,R7C_0060,13-11-2025 21:54,Marathahalli,MG_Road,20,FALSE,6
500672,R5A_0038,13-11-2025 16:40,MG_Road,Marathahalli,17,FALSE,44
500673,R5A_0038,13-11-2025 16:41,Shivaji_Nagar,Koramangala,28,FALSE,46
500674,R7C_0010,13-11-2025 09:28,MG_Road,Silk_Board,31,FALSE,24
500675,R7C_0080,14-11-2025 03:01,Shivaji_Nagar,MG_Road,14,TRUE,1
500676,R12B_0042,13-11-2025 18:33,Koramangala,Shivaji_Nagar,20,FALSE,58
500677,R12B_0040,13-11-2025 17:31,Koramangala,Whitefield,37,FALSE,3
500678,R7C_0027,13-11-2025 14:35,Marathahalli,Silk_Board,40,TRUE,45
500679,R12B_0085,14-11-2025 04:18,Marathahalli,Shivaji_Nagar,33,FALSE,7
500680,R7C_0095,14-11-2025 06:37,Marathahalli,Koramangala,18,TRUE,16
500681,R5A_0009,13-11-2025 10:09,MG_Road,Whitefield,11,FALSE,2
500682,R7C_0010,13-11-2025 10:13,Silk_Board,Shivaji_Nagar,40,FALSE,43
500683,R7C_0067,13-11-2025 23:52,Shivaji_Nagar,MG_Road,50,FALSE,25
500684,R12B_0085,14-11-2025 05:13,Silk_Board,Whitefield,47,TRUE,46
500685,R12B_0050,13-11-2025 20:32,MG_Road,Shivaji_Nagar,39,FALSE,60
500686,R7C_0008,13-11-2025 08:53,Marathahalli,Shivaji_Nagar,21,FALSE,35
500687,R12B_0090,14-11-2025 06:26,Koramangala,Shivaji_Nagar,23,FALSE,52
500688,R12B_0013,13-11-2025 11:03,Silk_Board,Marathahalli,41,FALSE,24
500689,R5A_0035,13-11-2025 16:49,Silk_Board,Shivaji_Nagar,48,FALSE,29
500690,R5A_0035,13-11-2025 15:35,Silk_Board,MG_Road,30,TRUE,35
500691,R5A_0038,13-11-2025 17:03,Marathahalli,Shivaji_Nagar,47,TRUE,71
500692,R12B_0053,13-11-2025 20:55,Marathahalli,MG_Road,44,FALSE,29
500693,R7C_0076,14-11-2025 02:13,Shivaji_Nagar,Marathahalli,21,FALSE,28
500694,R5A_0001,13-11-2025 07:56,MG_Road,Whitefield,44,FALSE,67
500695,R5A_0071,14-11-2025 01:55,MG_Road,Whitefield,32,TRUE,25
500696,R12B_0079,14-11-2025 03:23,Koramangala,Shivaji_Nagar,41,FALSE,51
500697,R12B_0042,13-11-2025 17:33,Shivaji_Nagar,Marathahalli,19,FALSE,31
500698,R7C_0100,14-11-2025 08:56,MG_Road,Koramangala,16,FALSE,18
500699,R12B_0079,14-11-2025 03:52,Koramangala,Shivaji_Nagar,34,FALSE,52
500700,R7C_0011,13-11-2025 10:48,Silk_Board,Koramangala,33,FALSE,5
500701,R12B_0050,13-11-2025 20:01,Koramangala,Whitefield,41,FALSE,39
500702,R7C_0028,13-11-2025 14:56,Marathahalli,Shivaji_Nagar,13,FALSE,15
500703,R5A_0043,13-11-2025 18:30,MG_Road,Marathahalli,16,TRUE,52
500704,R5A_0049,13-11-2025 19:54,Koramangala,Shivaji_Nagar,29,FALSE,55
500705,R12B_0079,14-11-2025 03:00,Koramangala,Silk_Board,49,TRUE,15
500706,R12B_0048,13-11-2025 19:12,Shivaji_Nagar,MG_Road,16,FALSE,38
500707,R12B_0033,13-11-2025 16:06,Marathahalli,Whitefield,42,FALSE,43
500708,R12B_0084,14-11-2025 03:53,Marathahalli,MG_Road,46,FALSE,8
500709,R7C_0095,14-11-2025 06:56,Shivaji_Nagar,Whitefield,34,TRUE,11
500710,R7C_0054,13-11-2025 20:45,Silk_Board,Shivaji_Nagar,45,FALSE,50
500711,R5A_0047,13-11-2025 19:15,MG_Road,Silk_Board,15,FALSE,19
500712,R7C_0044,13-11-2025 18:50,Marathahalli,Whitefield,48,FALSE,39
500713,R5A_0001,13-11-2025 07:55,Koramangala,Shivaji_Nagar,25,FALSE,62
500714,R5A_0005,13-11-2025 09:06,Marathahalli,Shivaji_Nagar,46,TRUE,53
500715,R5A_0052,13-11-2025 20:00,MG_Road,Koramangala,14,FALSE,20
500716,R5A_0087,14-11-2025 05:13,Shivaji_Nagar,Silk_Board,49,TRUE,57
500717,R12B_0051,13-11-2025 19:46,Shivaji_Nagar,MG_Road,13,FALSE,26
500718,R5A_0073,14-11-2025 01:11,MG_Road,Shivaji_Nagar,20,FALSE,45
500719,R12B_0050,13-11-2025 19:33,Marathahalli,MG_Road,42,TRUE,27
500720,R5A_0023,13-11-2025 12:50,Koramangala,Marathahalli,17,FALSE,13
500721,R5A_0004,13-11-2025 08:18,Marathahalli,Shivaji_Nagar,45,FALSE,62
500722,R5A_0063,13-11-2025 23:18,Silk_Board,Shivaji_Nagar,39,TRUE,7
500723,R5A_0075,14-11-2025 01:51,MG_Road,Silk_Board,48,FALSE,46
500724,R5A_0035,13-11-2025 16:42,Silk_Board,Koramangala,17,FALSE,38
500725,R7C_0095,14-11-2025 07:28,Koramangala,Whitefield,18,FALSE,39
500726,R5A_0046,13-11-2025 19:19,Silk_Board,MG_Road,11,FALSE,41
500727,R5A_0009,13-11-2025 10:11,Silk_Board,MG_Road,32,FALSE,56
500728,R12B_0040,13-11-2025 18:05,MG_Road,Marathahalli,25,FALSE,23
500729,R5A_0021,13-11-2025 12:41,MG_Road,Marathahalli,30,FALSE,24
500730,R12B_0020,13-11-2025 13:06,Shivaji_Nagar,Whitefield,29,FALSE,12
500731,R5A_0064,13-11-2025 23:14,Marathahalli,Koramangala,26,FALSE,59
500732,R12B_0051,13-11-2025 20:05,Koramangala,Silk_Board,45,FALSE,23
500733,R7C_0028,13-11-2025 14:11,MG_Road,Silk_Board,41,TRUE,31
500734,R7C_0036,13-11-2025 16:48,Shivaji_Nagar,Whitefield,17,TRUE,11
500735,R7C_0044,13-11-2025 18:24,Marathahalli,MG_Road,29,FALSE,2
500736,R7C_0095,14-11-2025 07:58,Marathahalli,MG_Road,29,FALSE,37
500737,R7C_0022,13-11-2025 13:30,MG_Road,Whitefield,28,TRUE,17
500738,R7C_0072,14-11-2025 02:01,Marathahalli,Shivaji_Nagar,34,FALSE,15
500739,R5A_0043,13-11-2025 18:00,MG_Road,Shivaji_Nagar,15,FALSE,59
500740,R12B_0079,14-11-2025 03:59,Koramangala,Whitefield,27,FALSE,20
500741,R7C_0011,13-11-2025 09:39,MG_Road,Marathahalli,32,FALSE,22
500742,R7C_0036,13-11-2025 16:28,Silk_Board,Koramangala,20,FALSE,17
500743,R7C_0095,14-11-2025 06:58,Koramangala,Shivaji_Nagar,46,FALSE,8
500744,R12B_0084,14-11-2025 04:00,Koramangala,MG_Road,33,TRUE,2
500745,R12B_0079,14-11-2025 02:53,Koramangala,Whitefield,36,TRUE,15
500746,R7C_0016,13-11-2025 12:08,Shivaji_Nagar,MG_Road,11,FALSE,40
500747,R7C_0100,14-11-2025 09:01,Shivaji_Nagar,Whitefield,43,FALSE,43
500748,R7C_0095,14-11-2025 07:22,Shivaji_Nagar,Silk_Board,19,FALSE,3
500749,R7C_0095,14-11-2025 06:55,Koramangala,Silk_Board,19,FALSE,42
500750,R12B_0018,13-11-2025 11:41,Marathahalli,Silk_Board,17,FALSE,13
500751,R5A_0004,13-11-2025 09:09,Shivaji_Nagar,Marathahalli,44,FALSE,50
500752,R7C_0093,14-11-2025 07:25,Shivaji_Nagar,Koramangala,45,FALSE,30
500753,R5A_0005,13-11-2025 08:29,MG_Road,Whitefield,47,TRUE,51
500754,R12B_0013,13-11-2025 10:32,Silk_Board,Koramangala,49,FALSE,58
500755,R12B_0020,13-11-2025 12:27,Shivaji_Nagar,Silk_Board,50,FALSE,24
500756,R5A_0058,13-11-2025 21:53,Koramangala,Marathahalli,40,FALSE,44
500757,R5A_0005,13-11-2025 09:03,MG_Road,Whitefield,24,FALSE,72
500758,R5A_0089,14-11-2025 05:19,Silk_Board,Marathahalli,44,FALSE,19
500759,R7C_0017,13-11-2025 12:04,Silk_Board,Koramangala,32,FALSE,9
500760,R7C_0067,14-11-2025 00:32,Silk_Board,Shivaji_Nagar,36,FALSE,57
500761,R5A_0021,13-11-2025 12:46,Silk_Board,Marathahalli,40,FALSE,59
500762,R12B_0013,13-11-2025 11:17,MG_Road,Whitefield,49,FALSE,22
500763,R5A_0004,13-11-2025 08:07,MG_Road,Marathahalli,20,FALSE,65
500764,R12B_0085,14-11-2025 04:46,Marathahalli,MG_Road,18,FALSE,15
500765,R7C_0036,13-11-2025 16:00,Koramangala,Shivaji_Nagar,31,TRUE,57
500766,R7C_0028,13-11-2025 14:09,Koramangala,MG_Road,26,FALSE,8
500767,R5A_0047,13-11-2025 19:01,Shivaji_Nagar,Marathahalli,37,FALSE,4
500768,R12B_0053,13-11-2025 21:02,Shivaji_Nagar,MG_Road,15,FALSE,36
500769,R12B_0037,13-11-2025 16:44,Shivaji_Nagar,Silk_Board,14,FALSE,38
500770,R12B_0079,14-11-2025 03:24,MG_Road,Shivaji_Nagar,41,FALSE,23
500771,R12B_0079,14-11-2025 02:41,Shivaji_Nagar,Koramangala,14,FALSE,4
500772,R7C_0067,14-11-2025 00:13,Shivaji_Nagar,Koramangala,35,FALSE,53
500773,R7C_0044,13-11-2025 17:54,Marathahalli,Koramangala,17,TRUE,30
500774,R7C_0080,14-11-2025 03:07,Shivaji_Nagar,Koramangala,44,FALSE,44
500775,R7C_0022,13-11-2025 12:37,Marathahalli,Whitefield,41,TRUE,7
500776,R7C_0065,14-11-2025 00:08,Silk_Board,Whitefield,29,TRUE,55
500777,R5A_0043,13-11-2025 17:43,MG_Road,Koramangala,39,FALSE,52
500778,R7C_0036,13-11-2025 17:06,Silk_Board,Whitefield,17,FALSE,50
500779,R5A_0043,13-11-2025 18:17,Koramangala,Silk_Board,32,FALSE,75
500780,R7C_0076,14-11-2025 02:37,Koramangala,MG_Road,47,FALSE,24
500781,R12B_0053,13-11-2025 20:16,Shivaji_Nagar,Whitefield,12,FALSE,33
500782,R5A_0004,13-11-2025 08:07,MG_Road,Koramangala,13,FALSE,58
500783,R7C_0055,13-11-2025 20:46,Koramangala,Marathahalli,36,FALSE,27
500784,R5A_0066,14-11-2025 00:03,Koramangala,Shivaji_Nagar,19,FALSE,30
500785,R5A_0058,13-11-2025 21:38,Marathahalli,Koramangala,35,TRUE,18
500786,R5A_0009,13-11-2025 10:16,Koramangala,Whitefield,33,FALSE,47
500787,R5A_0094,14-11-2025 07:40,Koramangala,MG_Road,42,TRUE,71
500788,R7C_0067,13-11-2025 23:36,MG_Road,Whitefield,21,FALSE,60
500789,R7C_0076,14-11-2025 02:39,Marathahalli,MG_Road,42,FALSE,15
500790,R7C_0008,13-11-2025 09:08,Silk_Board,Shivaji_Nagar,38,FALSE,56
500791,R5A_0026,13-11-2025 14:18,Silk_Board,Shivaji_Nagar,35,TRUE,47
500792,R5A_0021,13-11-2025 12:28,MG_Road,Marathahalli,24,FALSE,31
500793,R7C_0060,13-11-2025 23:11,Marathahalli,Koramangala,46,FALSE,20
500794,R7C_0067,14-11-2025 00:25,Shivaji_Nagar,Marathahalli,43,FALSE,23
500795,R5A_0030,13-11-2025 14:56,MG_Road,Silk_Board,28,FALSE,21
500796,R5A_0046,13-11-2025 18:59,Silk_Board,Marathahalli,25,FALSE,58
500797,R5A_0052,13-11-2025 20:03,Marathahalli,Koramangala,32,FALSE,40
500798,R7C_0008,13-11-2025 10:12,Silk_Board,Shivaji_Nagar,15,TRUE,19
500799,R5A_0092,14-11-2025 05:50,Marathahalli,Whitefield,38,TRUE,20
500800,R5A_0043,13-11-2025 18:49,Marathahalli,Koramangala,31,TRUE,63
500801,R7C_0028,13-11-2025 15:09,Koramangala,MG_Road,35,TRUE,41
500802,R7C_0065,14-11-2025 00:21,Marathahalli,Koramangala,10,FALSE,42
500803,R7C_0002,13-11-2025 07:20,Silk_Board,Whitefield,47,FALSE,58
500804,R5A_0064,13-11-2025 22:54,Silk_Board,Shivaji_Nagar,23,FALSE,59
500805,R7C_0031,13-11-2025 15:21,MG_Road,Koramangala,12,FALSE,7
500806,R5A_0047,13-11-2025 19:41,Koramangala,Shivaji_Nagar,38,FALSE,8
500807,R12B_0051,13-11-2025 20:29,Koramangala,Silk_Board,41,TRUE,3
500808,R7C_0036,13-11-2025 15:56,Marathahalli,Whitefield,28,FALSE,56
500809,R7C_0022,13-11-2025 13:25,Silk_Board,Koramangala,50,FALSE,9
500810,R12B_0013,13-11-2025 11:25,Silk_Board,Whitefield,36,FALSE,5
500811,R5A_0066,13-11-2025 23:56,MG_Road,Koramangala,28,FALSE,53
500812,R7C_0044,13-11-2025 19:12,Marathahalli,Whitefield,21,FALSE,43
500813,R5A_0009,13-11-2025 09:23,Marathahalli,Shivaji_Nagar,40,FALSE,53
500814,R5A_0021,13-11-2025 13:23,Marathahalli,Koramangala,19,TRUE,24
500815,R7C_0061,13-11-2025 22:26,Shivaji_Nagar,Marathahalli,13,FALSE,39
500816,R7C_0100,14-11-2025 07:59,Marathahalli,Shivaji_Nagar,21,FALSE,26
500817,R7C_0011,13-11-2025 09:50,Marathahalli,Whitefield,48,FALSE,22
500818,R5A_0047,13-11-2025 18:54,MG_Road,Whitefield,16,TRUE,74
500819,R12B_0090,14-11-2025 05:45,Marathahalli,Whitefield,33,FALSE,25
500820,R5A_0052,13-11-2025 19:53,MG_Road,Marathahalli,21,FALSE,18
500821,R7C_0072,14-11-2025 02:11,Shivaji_Nagar,MG_Road,33,FALSE,9
500822,R7C_0008,13-11-2025 10:05,Shivaji_Nagar,Koramangala,36,TRUE,52
500823,R12B_0079,14-11-2025 03:40,Shivaji_Nagar,Koramangala,16,FALSE,3
500824,R5A_0004,13-11-2025 08:14,Shivaji_Nagar,Whitefield,45,FALSE,69
500825,R7C_0080,14-11-2025 04:05,MG_Road,Marathahalli,20,TRUE,34
500826,R12B_0033,13-11-2025 16:20,Marathahalli,Shivaji_Nagar,14,TRUE,34
500827,R7C_0065,14-11-2025 00:00,Koramangala,Whitefield,49,FALSE,36
500828,R12B_0050,13-11-2025 20:32,Silk_Board,Shivaji_Nagar,33,FALSE,14
500829,R7C_0016,13-11-2025 11:08,Silk_Board,MG_Road,35,FALSE,23
500830,R5A_0071,14-11-2025 00:59,Silk_Board,Koramangala,50,TRUE,43
500831,R7C_0080,14-11-2025 03:56,MG_Road,Koramangala,40,TRUE,19
500832,R7C_0015,13-11-2025 11:42,Shivaji_Nagar,Marathahalli,45,FALSE,26
500833,R5A_0089,14-11-2025 05:40,Silk_Board,Shivaji_Nagar,50,FALSE,30
500834,R12B_0018,13-11-2025 12:15,Shivaji_Nagar,Silk_Board,14,FALSE,29
500835,R5A_0073,14-11-2025 01:30,MG_Road,Silk_Board,11,FALSE,4
500836,R7C_0072,14-11-2025 01:53,MG_Road,Silk_Board,27,FALSE,3
500837,R5A_0052,13-11-2025 20:41,Marathahalli,MG_Road,14,FALSE,21
500838,R7C_0067,13-11-2025 23:35,Marathahalli,Whitefield,36,FALSE,49
500839,R12B_0037,13-11-2025 16:38,Marathahalli,MG_Road,43,FALSE,52
500840,R5A_0023,13-11-2025 13:27,Marathahalli,Whitefield,34,FALSE,47
500841,R7C_0002,13-11-2025 08:02,MG_Road,Shivaji_Nagar,30,TRUE,48
500842,R7C_0011,13-11-2025 10:19,Koramangala,Shivaji_Nagar,34,TRUE,34
500843,R7C_0065,13-11-2025 23:27,Shivaji_Nagar,Koramangala,35,TRUE,33
500844,R12B_0053,13-11-2025 21:00,Shivaji_Nagar,Silk_Board,31,FALSE,59
500845,R5A_0038,13-11-2025 17:37,MG_Road,Marathahalli,13,FALSE,68
500846,R7C_0055,13-11-2025 21:32,Koramangala,Silk_Board,19,FALSE,57
500847,R7C_0080,14-11-2025 02:59,Shivaji_Nagar,Whitefield,42,FALSE,32
500848,R7C_0036,13-11-2025 17:04,Shivaji_Nagar,Silk_Board,24,FALSE,14
500849,R5A_0094,14-11-2025 06:55,Shivaji_Nagar,Marathahalli,28,FALSE,24
500850,R5A_0066,13-11-2025 23:21,Marathahalli,Koramangala,41,FALSE,49
500851,R7C_0068,14-11-2025 01:14,Koramangala,MG_Road,24,FALSE,43
500852,R5A_0021,13-11-2025 12:47,MG_Road,Marathahalli,46,FALSE,6
500853,R12B_0084,14-11-2025 03:50,Silk_Board,Whitefield,35,FALSE,13
500854,R7C_0022,13-11-2025 13:26,Marathahalli,Whitefield,35,TRUE,32
500855,R5A_0052,13-11-2025 20:48,Silk_Board,Koramangala,32,FALSE,7
500856,R5A_0087,14-11-2025 05:33,MG_Road,Shivaji_Nagar,37,FALSE,31
500857,R5A_0001,13-11-2025 08:29,Silk_Board,MG_Road,47,FALSE,75
500858,R5A_0059,13-11-2025 22:56,MG_Road,Marathahalli,49,FALSE,58
500859,R7C_0044,13-11-2025 18:05,MG_Road,Silk_Board,18,FALSE,21
500860,R5A_0021,13-11-2025 12:27,MG_Road,Whitefield,27,FALSE,26
500861,R5A_0035,13-11-2025 15:43,Koramangala,Shivaji_Nagar,33,FALSE,2
500862,R7C_0011,13-11-2025 09:35,MG_Road,Silk_Board,24,FALSE,25
500863,R7C_0072,14-11-2025 01:24,MG_Road,Whitefield,31,FALSE,7
500864,R7C_0008,13-11-2025 10:04,MG_Road,Whitefield,19,FALSE,41
500865,R7C_0044,13-11-2025 18:58,MG_Road,Koramangala,40,FALSE,40
500866,R7C_0067,14-11-2025 00:13,Koramangala,Silk_Board,46,FALSE,50
500867,R5A_0052,13-11-2025 20:13,Marathahalli,Koramangala,44,TRUE,36
500868,R5A_0075,14-11-2025 02:24,Silk_Board,Shivaji_Nagar,22,FALSE,57
500869,R12B_0084,14-11-2025 03:58,Silk_Board,MG_Road,10,TRUE,34
500870,R5A_0049,13-11-2025 20:15,Koramangala,MG_Road,34,FALSE,1
500871,R5A_0035,13-11-2025 16:22,Shivaji_Nagar,MG_Road,23,FALSE,18
500872,R5A_0047,13-11-2025 19:23,MG_Road,Silk_Board,29,TRUE,41
500873,R7C_0002,13-11-2025 07:30,MG_Road,Koramangala,43,TRUE,38
500874,R5A_0046,13-11-2025 18:52,Marathahalli,Koramangala,37,FALSE,62
500875,R12B_0085,14-11-2025 05:23,Silk_Board,Marathahalli,30,FALSE,40
500876,R12B_0048,13-11-2025 19:53,MG_Road,Koramangala,28,FALSE,42
500877,R5A_0052,13-11-2025 20:51,Shivaji_Nagar,Koramangala,24,FALSE,34
500878,R12B_0079,14-11-2025 02:43,Marathahalli,Whitefield,39,TRUE,23
500879,R5A_0021,13-11-2025 12:29,Koramangala,Silk_Board,30,FALSE,59
500880,R7C_0044,13-11-2025 19:13,Koramangala,Whitefield,49,TRUE,20
500881,R5A_0058,13-11-2025 21:55,MG_Road,Whitefield,14,FALSE,38
500882,R12B_0048,13-11-2025 19:11,Shivaji_Nagar,Silk_Board,35,FALSE,37
500883,R5A_0075,14-11-2025 02:42,Marathahalli,Koramangala,49,TRUE,2
500884,R7C_0022,13-11-2025 12:35,Shivaji_Nagar,Whitefield,45,FALSE,59
500885,R12B_0048,13-11-2025 19:46,MG_Road,Silk_Board,47,FALSE,46
500886,R12B_0013,13-11-2025 10:38,MG_Road,Shivaji_Nagar,23,FALSE,48
500887,R5A_0038,13-11-2025 17:25,Koramangala,Silk_Board,22,FALSE,58
500888,R7C_0080,14-11-2025 03:18,MG_Road,Whitefield,46,FALSE,16
500889,R7C_0055,13-11-2025 21:20,Silk_Board,MG_Road,37,TRUE,55
500890,R7C_0006,13-11-2025 08:57,Koramangala,Whitefield,25,TRUE,28
500891,R7C_0100,14-11-2025 09:09,MG_Road,Whitefield,30,TRUE,4
500892,R5A_0005,13-11-2025 09:18,Marathahalli,Whitefield,49,TRUE,59
500893,R7C_0055,13-11-2025 20:51,Shivaji_Nagar,Marathahalli,50,TRUE,7
500894,R12B_0048,13-11-2025 18:54,MG_Road,Shivaji_Nagar,12,FALSE,23
500895,R5A_0009,13-11-2025 10:28,Koramangala,Silk_Board,22,FALSE,8
500896,R5A_0032,13-11-2025 16:05,Marathahalli,MG_Road,45,FALSE,21
500897,R5A_0075,14-11-2025 02:57,MG_Road,Marathahalli,41,TRUE,45
500898,R5A_0032,13-11-2025 16:09,Marathahalli,Koramangala,48,FALSE,14
500899,R5A_0064,14-11-2025 00:06,MG_Road,Koramangala,23,FALSE,10
